{
    "camera_matrix_left": [
        [
            721.5377,
            0.0,
            609.5593
        ],
        [
            0.0,
            721.5377,
            172.854
        ],
        [
            0.0,
            0.0,
            1.0
        ]
    ],
    "camera_matrix_right": [
        [
            721.5377,
            0.0,
            609.5593
        ],
        [
            0.0,
            721.5377,
            172.854
        ],
        [
            0.0,
            0.0,
            1.0
        ]
    ],
    "dist_coeffs_left": [
        0.0,
        0.0,
        0.0,
        0.0,
        0.0
    ],
    "dist_coeffs_right": [
        0.0,
        0.0,
        0.0,
        0.0,
        0.0
    ],
    "R": [
        [
            1.0,
            0.0,
            0.0
        ],
        [
            0.0,
            1.0,
            0.0
        ],
        [
            0.0,
            0.0,
            1.0
        ]
    ],
    "T": [
        -0.5327254279298227,
        0.0027490689675674605,
        -1.5979000000000167e-05
    ],
    "image_size": [
        1242,
        375
    ]
}